{"name":"HangTime","short_name":"HangTime","theme_color":"#012E40","icons":[{"src":"./img/icons/android-chrome-192x192.png","sizes":"192x192","type":"image/png"},{"src":"./img/icons/android-chrome-512x512.png","sizes":"512x512","type":"image/png"},{"src":"./img/icons/android-chrome-maskable-192x192.png","sizes":"192x192","type":"image/png","purpose":"maskable"},{"src":"./img/icons/android-chrome-maskable-512x512.png","sizes":"512x512","type":"image/png","purpose":"maskable"}],"start_url":"/?utm_source=homescreen","display":"standalone","background_color":"#012E40","description":"Fingerboard / Hangboard training for climbers.","categories":["fitness","health","sports"],"lang":"en-US","shortcuts":[{"name":"Workouts","short_name":"Workouts","description":"Create and customize your own workouts","url":"/?utm_source=shortcut","icons":[{"src":"./img/icons/android-shortcut-512x512.png","sizes":"512x512","type":"image/png","purpose":"any"}]},{"name":"Community","short_name":"Community","description":"Share and do workouts from the community","url":"/community?utm_source=shortcut","icons":[{"src":"./img/icons/android-shortcut-512x512.png","sizes":"512x512","type":"image/png","purpose":"any"}]},{"name":"Progress","short_name":"Progress","description":"Track your progress over time","url":"/progress?utm_source=shortcut","icons":[{"src":"./img/icons/android-shortcut-512x512.png","sizes":"512x512","type":"image/png","purpose":"any"}]}],"related_applications":[{"platform":"play","id":"nl.stevie.ray.hangtime","url":"https://play.google.com/store/apps/details?id=nl.stevie.ray.hangtime"}],"prefer_related_applications":true}